group,case,arm,baseline,n,train_seconds_ratio_median,train_seconds_ratio_min,train_seconds_ratio_max,elapsed_seconds_ratio_median,elapsed_seconds_ratio_min,elapsed_seconds_ratio_max,train_cpu_seconds_ratio_median,train_cpu_seconds_ratio_min,train_cpu_seconds_ratio_max,maxrss_kib_ratio_median,maxrss_kib_ratio_min,maxrss_kib_ratio_max
ablation,zh512,dual_strings,full,5,1.0087482547530495,0.9571246911194825,1.017536111791671,1.013426937121157,0.9546900672889195,1.0352314189833305,0.9995870846520849,0.9821649705036418,1.01022570862295,1.00031678590472,0.9986779976554078,1.0037691581687738
ablation,zh512,eager_corpus,full,5,0.9545491418780504,0.9221955582816814,0.9848386146916316,0.9604016361999616,0.9358817355515908,0.9886983126151813,0.94114420630878,0.90402630383249,0.9689698708918776,1.146205903876044,1.1443107417821556,1.149201404305599
ablation,zh512,flat64,full,5,1.075629119004821,1.0473510013218936,1.1398511767747275,1.073282259658168,1.0478221000678263,1.0984943435599772,1.0250077518977503,1.005016272314323,1.0956973971363053,1.3501034789803015,1.3337941225828183,1.3537547853328415
ablation,zh512,no_position_arena,full,5,1.1892567357347006,1.1253416960397424,1.25849719051101,1.1432800245815,1.093107066694563,1.179868722015232,1.0737610116071252,1.0304604210535806,1.161770059379942,1.0029163648938344,1.0006314221244035,1.005040506015853
ablation,zh512,no_radix,full,5,1.0933972681301867,1.0814108482393228,1.111755681904471,1.0615813551177848,1.0462043061746127,1.093346171561161,1.1264401956521586,1.1010125357567462,1.1473125350543774,1.223611875487605,1.2213913259743883,1.2272061160565895
ablation,zh512,one_rule,full,5,1.4516473503687586,1.4319766310629984,1.4754524671365072,1.3300365752541379,1.3053016658995622,1.3672622297729846,1.6017077688288544,1.5583699292861806,1.6248061118510162,1.000788978502756,0.9986815765441581,1.004461848646524
ablation,zh512,scalar_weights,full,5,1.109784228862478,1.0827536929733812,1.1676703381841014,1.0818152168157398,1.0760079815014385,1.1279063780014902,1.0823012712640474,1.0524195250158392,1.148771951243864,0.999346846330206,0.9975943416204311,1.0039620439585502
ablation,zh512,u32_corpus,full,5,1.0215821897992365,0.9602905754270933,1.0745227847998942,1.0069394447506128,0.9773817307766082,1.06368713491947,1.015246644035765,0.9604192609921114,1.082409021481087,1.042167778456477,1.0414988171372908,1.0450573539671388
peer_arena,zh512,peer_no_word_arena,peer,5,1.124178918972643,1.0276844359279738,1.1801670539858642,1.1194970279959473,1.024692101440596,1.1741862817486937,1.1510482568049016,1.0652935758833655,1.2041623045645946,1.0151237780274174,1.0150909061279476,1.0151992328942758
primary,en512,hf,full,5,16.808394298709004,16.418828788794055,17.183932032772866,3.355634504587034,3.3057816861545155,3.52831596590731,11.724484735040244,11.49422218523488,11.805904037702936,5.18006605293808,5.1181054581457,5.240900867874306
primary,en512,peer,full,5,3.7548137385909297,3.533261192348128,3.7988234108153898,1.4111804292964314,1.3527167195800385,1.4426887795143988,1.8943332632229488,1.7941580164377997,1.9181484283390697,1.4819312701606464,1.479316310179612,1.4911751250090295
primary_mixed256,mixed256,hf,full,5,17.45839006786785,16.523979384092065,18.95855968461451,9.945394051592116,9.616324112675283,10.34754797228377,10.720523434143296,10.230814216514915,11.60310454484778,5.886175739825518,5.818733712881969,5.9385472893929885
primary_mixed256,mixed256,peer,full,5,3.903309388703368,3.8104257591619035,4.10099835379929,2.570461611408333,2.5384869805616685,2.62090294809317,1.7665141517486838,1.711510474351747,1.8189880992593788,1.827635235974087,1.8227209388516543,1.8289828272229551
primary_mixed512,mixed512,peer,full,5,3.811491061654203,3.7782915333843796,3.9852591106482445,2.4590663867863767,2.4545732515916763,2.564389786132343,1.7878605220861754,1.7438192981051606,1.838738855394136,1.8479489631289618,1.8424807937086585,1.850650606744231
primary_zh256,zh256,hf,full,5,25.24891445304427,23.819616394609085,26.65245414636672,19.62595684727867,18.454596530969052,20.441611267793725,15.124071382114941,14.19384275795648,15.775609636423294,7.049306403748717,7.034071692326225,7.153826637493599
primary_zh256,zh256,peer,full,5,11.186669119917761,10.208353085695586,11.987711951493159,8.752518236289115,7.954355581333837,9.468687411870512,4.270356897246894,3.9890883413276392,4.535149131461653,2.385178304198963,2.3718116415958144,2.3963432801080025
primary_zh512,zh512,peer,full,5,12.900677191717623,11.913982029085046,13.734568706455695,9.767071268550534,8.836867723071839,10.33487292763611,4.867817300235205,4.574579613058035,5.194873622095959,2.2253753212808194,2.2208980649582384,2.2292046809824493
