group,case,arm,n,train_seconds_median,elapsed_seconds_median,train_cpu_seconds_median,maxrss_kib_median,train_seconds_min,train_seconds_max
ablation,zh512,dual_strings,5,20.678802786,28.28386758,64.678554,3309276,20.414244322,21.686998277
ablation,zh512,eager_corpus,5,19.802391084,27.118129609,60.769761,3790480,19.398754723,20.680288821
ablation,zh512,flat64,5,21.957355326,30.090241971,66.85676799999999,4451680,21.796127596,24.382436031
ablation,zh512,full,5,20.760889303,28.035720986,64.766954,3306980,20.237204105,21.473093105
ablation,zh512,no_position_arena,5,24.221098046,31.673894238,69.26881800000001,3315248,24.164567014,26.920380369
ablation,zh512,no_radix,5,23.081036644,30.587255884,73.258984,4046540,22.127303683,23.594492632
ablation,zh512,one_rule,5,29.984774235,37.554027582,103.561293,3310736,29.592609559,31.052035021
ablation,zh512,scalar_weights,5,22.986972989,30.979739151,70.520606,3310352,22.458929952,24.977512772
ablation,zh512,u32_corpus,5,20.673967285,28.320634377,64.56056500000001,3446428,20.307498052,22.985003304
