group,case,arm,n,train_seconds_median,elapsed_seconds_median,train_cpu_seconds_median,maxrss_kib_median,train_seconds_min,train_seconds_max
ablation,zh512,dual_strings,5,20.678802786,28.28386758,64.678554,3309276,20.414244322,21.686998277
ablation,zh512,eager_corpus,5,19.802391084,27.118129609,60.769761,3790480,19.398754723,20.680288821
ablation,zh512,flat64,5,21.957355326,30.090241971,66.85676799999999,4451680,21.796127596,24.382436031
ablation,zh512,full,5,20.760889303,28.035720986,64.766954,3306980,20.237204105,21.473093105
ablation,zh512,no_position_arena,5,24.221098046,31.673894238,69.26881800000001,3315248,24.164567014,26.920380369
ablation,zh512,no_radix,5,23.081036644,30.587255884,73.258984,4046540,22.127303683,23.594492632
ablation,zh512,one_rule,5,29.984774235,37.554027582,103.561293,3310736,29.592609559,31.052035021
ablation,zh512,scalar_weights,5,22.986972989,30.979739151,70.520606,3310352,22.458929952,24.977512772
ablation,zh512,u32_corpus,5,20.673967285,28.320634377,64.56056500000001,3446428,20.307498052,22.985003304
peer_arena,zh512,peer,5,304.351949952,313.112386955,357.32097200000004,7363504,277.849042511,332.782920651
peer_arena,zh512,peer_no_word_arena,5,332.364216401,340.71161509,400.520174,7474740,312.77776201,374.10754399
primary,en512,full,5,2.70538292,17.937313941,7.9311000000000025,501416,2.593488648,2.831504626
primary,en512,hf,5,44.669564571,60.027913168,93.34505999999999,2597368,44.164026269,47.034818255
primary,en512,peer,5,9.981401788,25.235547713,15.056814,742636,9.797687356,10.215460366
primary_mixed256,mixed256,full,5,12.301608771,22.908384072,39.516290000000005,1927076,11.83735366,12.762961731
primary_mixed256,mixed256,hf,5,213.772037068,224.762910431,422.30044699999996,11342608,209.927994827,227.964010458
primary_mixed256,mixed256,peer,5,48.016985012,58.655944476,70.462755,3521300,47.809732934,48.632318143
primary_mixed512,mixed512,full,5,21.81452595,41.910576325,70.894235,3250356,20.990376384,22.033123015
primary_mixed512,mixed512,peer,5,83.095634025,103.093720546,126.749004,6007892,80.801499127,85.057923356
primary_zh256,zh256,full,5,12.190592544,16.099227342,36.980453,1726712,11.859261529,12.407153334
primary_zh256,zh256,hf,5,312.566774574,316.037098913,563.939174,12233120,287.365697971,324.909208796
primary_zh256,zh256,peer,5,135.283366269,138.943932345,157.96080999999998,4118532,124.445873013,148.733380306
primary_zh512,zh512,full,5,20.716173258,28.619152466,64.730941,3308632,19.739043246,21.528638853
primary_zh512,zh512,peer,5,266.786339893,274.654083668,316.34713999999997,7363352,242.766067242,295.686569483
